{
	"name": "Uros",
	"version": "33pwq",
	"description": "",
	"id": "com.mycompany.myapp",
	"unique-id": "cksm6wjweupm",
	"viewport-width": 1000,
	"viewport-height": 500,
	"author": "",
	"email": "",
	"website": "http://",
	"orientations": "any",
	"c2version": "244",
	"c3version": "r276.2",
	"ife": true,
	"used-plugins": [
		"Touch",
		"Sprite",
		"Text",
		"TextBox",
		"Browser",
		"C2WebSocket",
		"BinaryData",
		"LocalStorage",
		"Button",
		"Mouse",
		"Arr",
		"Keyboard"
	],
	"used-behaviors": [
		"Persist",
		"Rex_MoveTo",
		"DragnDrop",
		"Bullet",
		"destroy",
		"custom",
		"scrollto",
		"EightDir",
		"bound",
		"Pin",
		"Car",
		"TileMovement",
		"solid",
		"MoveTo",
		"LOS",
		"Turret"
	]
}